"","day_of_week","avg_steps"
"1","Sunday",6933.23140495868
"2","Monday",7780.86666666667
"3","Tuesday",8125.00657894737
"4","Wednesday",7559.37333333333
"5","Thursday",7405.83673469388
"6","Friday",7448.23015873016
"7","Saturday",8152.97580645161
