"","day_of_week","avg_calories"
"1","Sunday",2263
"2","Monday",2324.20833333333
"3","Tuesday",2356.01315789474
"4","Wednesday",2302.62
"5","Thursday",2199.57142857143
"6","Friday",2331.78571428571
"7","Saturday",2354.96774193548
