"","lbls","minutes"
"1","Very Active",1.7366021081887
"2","Fairly Active",1.11301399756291
"3","Lightly Active",15.8204932142022
"4","Sedentary",81.3298906800462
