"","lbls","minutes","cs","pos"
"1","Very Active",1.7366021081887,100,99.1316989459056
"2","Fairly Active",1.11301399756291,98.2633978918113,97.7068908930299
"3","Lightly Active",15.8204932142022,97.1503838942484,89.2401372871473
"4","Sedentary",81.3298906800462,81.3298906800462,40.6649453400231
